Num,PaperLink,Plant_latin,Plant_Chinese,Plant_English,Order,Family,DownloadLink,Download,Version,,
1,http://cbcb.cdutcm.edu.cn/TCMPG/resource/plants/details?id=TCMPG10001,Abies alba, 欧洲冷杉, European silver fir,Pinales,Pinaceae,https://treegenesdb.org/FTP/Genomes/Abal/v1.1/,Yes,1.1,,
2,http://cbcb.cdutcm.edu.cn/TCMPG/resource/plants/details?id=TCMPG10002,Abrus precatorius, 相思子, coralhead Plant,Fabales,Fabaceae,https://www.ncbi.nlm.nih.gov/genome/74709?genome_assembly_id=430755,Yes,,,
3,http://cbcb.cdutcm.edu.cn/TCMPG/resource/plants/details?id=TCMPG10003,Actinidia chinensis, 猕猴桃, kiwifruit,Ericales,Actinidiaceae,http://kiwifruitgenome.org/ftp/A_chinensis/Hongyang/v3.0/,Yes,HongYang_V3,多个版本,
4,http://cbcb.cdutcm.edu.cn/TCMPG/resource/plants/details?id=TCMPG10004,Actinidia eriantha, 毛花猕猴桃, velvet kiwifruit,Ericales,Actinidiaceae,http://gigadb.org/dataset/100568,Yes,,,
5,http://cbcb.cdutcm.edu.cn/TCMPG/resource/plants/details?id=TCMPG10005,Allium sativum, 大蒜, garlic,Asparagales,Amaryllidaceae,https://figshare.com/articles/dataset/garlic_genome_and_transcriptome_resources/12570947/1,Yes,,,
6,http://cbcb.cdutcm.edu.cn/TCMPG/resource/plants/details?id=TCMPG10006,Ananas comosus, 凤梨、菠萝, pineapple,Poales,Bromeliaceae,http://de.iplantcollaborative.org/dl/d/D7FE2945-794C-4D59-8FDF-FCBB1E1F3969/pineapple.zip,Yes,,,
7,http://cbcb.cdutcm.edu.cn/TCMPG/resource/plants/details?id=TCMPG10007,Antirrhinum majus, 金鱼草, snapdragon,Lamiales,Plantaginaceae,,No,,网站打不开,
8,http://cbcb.cdutcm.edu.cn/TCMPG/resource/plants/details?id=TCMPG10008,Apium graveolens, 芹菜, celery,Apiales,Apiaceae,http://celerydb.bio2db.com/download.html,Yes,,,
9,http://cbcb.cdutcm.edu.cn/TCMPG/resource/plants/details?id=TCMPG10009,Aquilaria sinensis, 土沉香, aquilaria sinensis,Malvales,Thymelaeaceae,http://gigadb.org/dataset/100702,Yes,,,
10,http://cbcb.cdutcm.edu.cn/TCMPG/resource/plants/details?id=TCMPG10010,Arachis hypogaea, 落花生,,,,http://peanutgr.fafu.edu.cn/Download.php,Yes,Zhuang,,
11,http://cbcb.cdutcm.edu.cn/TCMPG/resource/plants/details?id=TCMPG10011,Artocarpus altilis, 面包树, breadfruit,Rosales,Moraceae,https://bioinformatics.psb.ugent.be/gdb/aocc/artal/,Yes,,,
12,http://cbcb.cdutcm.edu.cn/TCMPG/resource/plants/details?id=TCMPG10012,Artocarpus heterophyllus, 波罗蜜, jackfruit,Rosales,Moraceae,https://bioinformatics.psb.ugent.be/gdb/aocc/arthe/,Yes,,,
13,http://cbcb.cdutcm.edu.cn/TCMPG/resource/plants/details?id=TCMPG10013,Asparagus officinalis, 石刁柏, asparagus,Asparagales,Asparagaceae,,No,,网站打不开,
14,http://cbcb.cdutcm.edu.cn/TCMPG/resource/plants/details?id=TCMPG10014,Atalantia buxifolia, 酒饼簕, Chinese box-orange,Sapindales,Rutaceae,http://citrus.hzau.edu.cn/download.php,Yes,1.0,,
15,http://cbcb.cdutcm.edu.cn/TCMPG/resource/plants/details?id=TCMPG10015,Averrhoa carambola, 杨桃, star fruit,Oxalidales,Oxalidaceae,https://ngdc.cncb.ac.cn/search/?dbId=gwh&q=GWHABKE00000000,Yes,,,
16,http://cbcb.cdutcm.edu.cn/TCMPG/resource/plants/details?id=TCMPG10016,Beta vulgaris, 甜菜, sugar beet,Caryophyllales,Amaranthaceae,https://www.ncbi.nlm.nih.gov/genome/221?genome_assembly_id=294401,Yes,RefBeet-1.2.2,,
17,http://cbcb.cdutcm.edu.cn/TCMPG/resource/plants/details?id=TCMPG10017,Brassica juncea, 芥菜, Chinese mustard,Brassicales,Brassicaceae,http://39.100.233.196:82/download_genome/Brassica_Genome_data/Braju_tum_V2.0/,Yes,"tumida_v2,0",,
18,http://cbcb.cdutcm.edu.cn/TCMPG/resource/plants/details?id=TCMPG10018,Brassica nigra, 黑芥, black mustard,Brassicales,Brassicaceae,http://brassicadb.cn/#/Download/,Yes,Ni100,,
19,http://cbcb.cdutcm.edu.cn/TCMPG/resource/plants/details?id=TCMPG10019,Brassica oleracea var. botrytis, 花椰菜, cabbage,Brassicales,Brassicaceae,https://www.genoscope.cns.fr/externe/plants/chromosomes.html,Yes,HDEM,,
20,http://cbcb.cdutcm.edu.cn/TCMPG/resource/plants/details?id=TCMPG10020,Brassica oleracea var. capitata, 甘蓝, cabbage,Brassicales,Brassicaceae,http://brassicadb.cn/#/Download/,Yes,JZSv2,,
21,http://cbcb.cdutcm.edu.cn/TCMPG/resource/plants/details?id=TCMPG10021,Camellia sinensis, 茶, tea,Ericales,Theaceae,http://tpdb.shengxin.ren/,Yes,CSS_20200506,多个版本,
22,http://cbcb.cdutcm.edu.cn/TCMPG/resource/plants/details?id=TCMPG10022,Camptotheca acuminata, 喜树, NA,Cornales,Nyssaceae,https://datadryad.org/stash/dataset/doi:10.5061/dryad.nc8qr,Yes,v2.4,,
23,http://cbcb.cdutcm.edu.cn/TCMPG/resource/plants/details?id=TCMPG10023,Cannabis sativa, 大麻, marijuana,Rosales,Cannabaceae,https://www.ncbi.nlm.nih.gov/genome/11681?genome_assembly_id=897706,Yes,cs10,,
24,http://cbcb.cdutcm.edu.cn/TCMPG/resource/plants/details?id=TCMPG10024,Capsicum annuum, 辣椒, hot pepper,Solanales,Solanaceae,https://www.ncbi.nlm.nih.gov/genome/10896?genome_assembly_id=227510,Yes,Zunla,多个版本,
25,http://cbcb.cdutcm.edu.cn/TCMPG/resource/plants/details?id=TCMPG10025,Carica papaya, 番木瓜, papaya,Brassicales,Caricaceae,https://www.ncbi.nlm.nih.gov/genome/513?genome_assembly_id=29701,Yes,Papaya1.0,,
26,http://cbcb.cdutcm.edu.cn/TCMPG/resource/plants/details?id=TCMPG10026,Castanea mollissima, 栗, Chinese chestnut,Fagales,Fagaceae,http://gigadb.org/dataset/100643,Yes,HBY_2,,
27,http://cbcb.cdutcm.edu.cn/TCMPG/resource/plants/details?id=TCMPG10027,Casuarina equisetifolia, 木麻黄, NA,Fagales,Casuarinaceae,,No,,网站打不开,
28,http://cbcb.cdutcm.edu.cn/TCMPG/resource/plants/details?id=TCMPG10028,Catharanthus roseus, 长春花, madagascar periwinkle,Gentianales,Apocynaceae,http://mpgr.uga.edu/pub/data/MPGR/Catharanthus_roseus/,No,,没有注释文件,
29,http://cbcb.cdutcm.edu.cn/TCMPG/resource/plants/details?id=TCMPG10029,Citrus grandis, 柚, pummelo,Sapindales,Rutaceae,http://citrus.hzau.edu.cn/download.php,Yes,HWB,,
30,http://cbcb.cdutcm.edu.cn/TCMPG/resource/plants/details?id=TCMPG10030,Citrus medica, 香橼、枸橼, citron,Sapindales,Rutaceae,http://citrus.hzau.edu.cn/download.php,Yes,XZ,,
31,http://cbcb.cdutcm.edu.cn/TCMPG/resource/plants/details?id=TCMPG10031,Citrus reticulata, 柑橘, mandarin,Sapindales,Rutaceae,http://citrus.hzau.edu.cn/download.php,Yes,MSYJ,,
32,http://cbcb.cdutcm.edu.cn/TCMPG/resource/plants/details?id=TCMPG10032,Citrus sinensis, 甜橙, sweet orange,Sapindales,Rutaceae,http://citrus.hzau.edu.cn/download.php,Yes,V2,,
33,http://cbcb.cdutcm.edu.cn/TCMPG/resource/plants/details?id=TCMPG10033,Citrus unshiu, 无核蜜橘, satsuma,Sapindales,Rutaceae,https://www.ncbi.nlm.nih.gov/genome/46555?genome_assembly_id=361165,Yes,CUMW_v1.0,,
34,http://cbcb.cdutcm.edu.cn/TCMPG/resource/plants/details?id=TCMPG10034,Cocos nucifera, 椰子, coconut,Arecales,Arecaceae,http://gigadb.org/dataset/100347,Yes,,,
35,http://cbcb.cdutcm.edu.cn/TCMPG/resource/plants/details?id=TCMPG10035,Coffea arabica, 小粒咖啡, arabian coffee,Gentianales,Rubiaceae,https://www.ncbi.nlm.nih.gov/genome/77?genome_assembly_id=418079,Yes,,,
36,http://cbcb.cdutcm.edu.cn/TCMPG/resource/plants/details?id=TCMPG10036,Corchorus capsularis, 黄麻, roundpod jute,Malvales,Malvaceae,https://www.ncbi.nlm.nih.gov/genome/46591?genome_assembly_id=304137,Yes,CCACVL1_1.0,,
37,http://cbcb.cdutcm.edu.cn/TCMPG/resource/plants/details?id=TCMPG10037,Corchorus olitorius, 长蒴黄麻, nalta jute,Malvales,Malvaceae,https://www.ncbi.nlm.nih.gov/genome/46639?genome_assembly_id=304138,Yes,COLO4_1.0,,
38,http://cbcb.cdutcm.edu.cn/TCMPG/resource/plants/details?id=TCMPG10038,Coriandrum sativum, 芫荽, cilantro,Apiales,Apiaceae,http://cgdb.bio2db.com/Download/,Yes,,,
39,http://cbcb.cdutcm.edu.cn/TCMPG/resource/plants/details?id=TCMPG10039,Cucumis melo, 甜瓜, melo,Cucurbitales,Cucurbitaceae,https://www.ncbi.nlm.nih.gov/genome/10697?genome_assembly_id=39592,Yes,,,
40,http://cbcb.cdutcm.edu.cn/TCMPG/resource/plants/details?id=TCMPG10040,Cucumis sativus, 黄瓜, cucumber,Cucurbitales,Cucurbitaceae,https://ftp.cngb.org/pub/gigadb/pub/10.5524/100001_101000/100603/,Yes,V3,,
41,http://cbcb.cdutcm.edu.cn/TCMPG/resource/plants/details?id=TCMPG10041,Cucurbita moschata, 南瓜, cushaw,Cucurbitales,Cucurbitaceae,http://cucurbitgenomics.org/ftp/genome/Cucurbita_moschata/v1/,Yes,v1,,
42,http://cbcb.cdutcm.edu.cn/TCMPG/resource/plants/details?id=TCMPG10042,Cucurbita pepo, 西葫芦, pumpkin,Cucurbitales,Cucurbitaceae,https://www.ncbi.nlm.nih.gov/genome/12199?genome_assembly_id=380250,Yes,ASM280686v2,,
43,http://cbcb.cdutcm.edu.cn/TCMPG/resource/plants/details?id=TCMPG10043,Cuscuta australis, 南方菟丝子, dodders,Solanales,Convolvulaceae,http://groups.english.kib.cas.cn/epb/dgd/Download/201711/t20171101_386248.html,Yes,,,
44,http://cbcb.cdutcm.edu.cn/TCMPG/resource/plants/details?id=TCMPG10044,Dalbergia odorifera, 降香, fragrant rosewood,Fabales,Fabaceae,http://gigadb.org/dataset/view/id/100760,Yes,,,
45,http://cbcb.cdutcm.edu.cn/TCMPG/resource/plants/details?id=TCMPG10045,Daucus carota, 胡萝卜, carrot,Apiales,Apiaceae,https://www.ncbi.nlm.nih.gov/genome/860?genome_assembly_id=276486,Yes,ASM162521v1,,
46,http://cbcb.cdutcm.edu.cn/TCMPG/resource/plants/details?id=TCMPG10046,Dianthus caryophyllus, 康乃馨、麝香石竹, carnation,Caryophyllales,Caryophyllaceae,https://drive.google.com/drive/folders/19WISx6XEaohy9mNLpIZUVYg5oPbX8jty,Yes,r1.0,,
47,http://cbcb.cdutcm.edu.cn/TCMPG/resource/plants/details?id=TCMPG10047,Dionaea muscipula, 捕蝇草, venus flytrap,Caryophyllales,Droseraceae,https://www.biozentrum.uni-wuerzburg.de/carnivorom/resources,Yes,,,
48,http://cbcb.cdutcm.edu.cn/TCMPG/resource/plants/details?id=TCMPG10048,Dioscorea dumetorum, 荆棘薯蓣, trifoliate yam,Dioscoreales,Dioscoreaceae,https://pub.uni-bielefeld.de/record/2941469#details,Yes,v1.0,,
49,http://cbcb.cdutcm.edu.cn/TCMPG/resource/plants/details?id=TCMPG10049,Diospyros lotus, 君迁子、黑枣, persimmon,Ericales,Ebenaceae,https://drive.google.com/drive/folders/1at4LgvkDJ7E3itCrCBS0EWvdlvXbriDt,Yes,r1.1,,
50,http://cbcb.cdutcm.edu.cn/TCMPG/resource/plants/details?id=TCMPG10050,Elaeis guineensis, 油棕, oil palm,Arecales,Arecaceae,https://www.ncbi.nlm.nih.gov/genome/2669,Yes,EG5,,
51,http://cbcb.cdutcm.edu.cn/TCMPG/resource/plants/details?id=TCMPG10051,Erigeron breviscapus, 灯盏细辛, Chinese fleabane,Asterales,Asteraceae,http://gigadb.org/dataset/view/id/100290,Yes,,,
52,http://cbcb.cdutcm.edu.cn/TCMPG/resource/plants/details?id=TCMPG10052,Eriobotrya japonica, 枇杷, loquat,Rosales,Rosaceae,http://gigadb.org/dataset/100711,Yes,,,
53,http://cbcb.cdutcm.edu.cn/TCMPG/resource/plants/details?id=TCMPG10053,Eschscholzia californica, 花菱草, california poppy,Ranunculales,Papaveraceae,,No,r1.0,没有注释文件,
54,http://cbcb.cdutcm.edu.cn/TCMPG/resource/plants/details?id=TCMPG10054,Eucalyptus grandis, 巨桉、玫瑰桉, rose gum,Myrtales,Myrtaceae,https://www.ncbi.nlm.nih.gov/genome/2181?genome_assembly_id=58726,Yes,Egrandis1_0,,
55,http://cbcb.cdutcm.edu.cn/TCMPG/resource/plants/details?id=TCMPG10055,Euryale ferox, 芡实, prickly waterlily,Nymphaeales,Nymphaeaceae,,No,,没有蛋白文件,
56,http://cbcb.cdutcm.edu.cn/TCMPG/resource/plants/details?id=TCMPG10056,Fagopyrum esculentum, 荞麦, buckwheat,Caryophyllales,Polygonaceae,https://drive.google.com/drive/u/1/folders/1faT2M7-KCBA-hbHebpb29BCHAYZUKMmu,Yes,r1.0,,
57,http://cbcb.cdutcm.edu.cn/TCMPG/resource/plants/details?id=TCMPG10057,Fagopyrum tataricum, 苦荞麦, tartary buckwheat,Caryophyllales,Polygonaceae,http://mbkbase.org/Pinku1/,Yes,V2.IGDBv2,,
58,http://cbcb.cdutcm.edu.cn/TCMPG/resource/plants/details?id=TCMPG10058,Fagus sylvatica, 欧洲山毛榉, European beech,Fagales,Fagaceae,http://gigadb.org/dataset/100461,Yes,v1.3,,
59,http://cbcb.cdutcm.edu.cn/TCMPG/resource/plants/details?id=TCMPG10059,Ficus carica, 无花果, common fig,Rosales,Moraceae,https://plantgarden.jp/en/download/t3494/t3494.G001/,Yes,ver.1,,
60,http://cbcb.cdutcm.edu.cn/TCMPG/resource/plants/details?id=TCMPG10060,Fragaria vesca, 草莓, woodland strawberry,Rosales,Rosaceae,https://www.ncbi.nlm.nih.gov/genome/3314?genome_assembly_id=34435,Yes,FraVesHawaii_1.0,,
61,http://cbcb.cdutcm.edu.cn/TCMPG/resource/plants/details?id=TCMPG10061,Gardenia jasminoides, 栀子, cape jasmine,Gentianales,Rubiaceae,,No,,没有蛋白文件,
62,http://cbcb.cdutcm.edu.cn/TCMPG/resource/plants/details?id=TCMPG10062,Ginkgo biloba, 银杏, ginkgo tree,Ginkgoales,Ginkgoaceae,http://gigadb.org/dataset/100613,Yes,,,
63,http://cbcb.cdutcm.edu.cn/TCMPG/resource/plants/details?id=TCMPG10063,Glycine max, 大豆, soybean,Fabales,Fabaceae,http://plants.ensembl.org/Glycine_max/Info/Index,Yes,Wm82.a2.v1,,
64,http://cbcb.cdutcm.edu.cn/TCMPG/resource/plants/details?id=TCMPG10064,Gnetum montanum, 买麻藤, NA,Gnetales,Gnetaceae,https://datadryad.org/stash/dataset/doi:10.5061/dryad.0vm37,Yes,,,
65,http://cbcb.cdutcm.edu.cn/TCMPG/resource/plants/details?id=TCMPG10065,Gossypium herbaceum, 草棉, cotton,Malvales,Malvaceae,https://www.cottongen.org/species/Gossypium_herbaceum/A1_WHU,Yes,WHUv3.0rc,,
66,http://cbcb.cdutcm.edu.cn/TCMPG/resource/plants/details?id=TCMPG10066,Gossypium hirsutum, 陆地棉, cotton,Malvales,Malvaceae,https://www.cottongen.org/species/Gossypium_hirsutum/ZJU-AD1_v2.1,Yes,ZJU_v2.1,多个版本,
67,http://cbcb.cdutcm.edu.cn/TCMPG/resource/plants/details?id=TCMPG10067,Helianthus annuus, 向日葵, sunflower,Asterales,Asteraceae,https://www.ncbi.nlm.nih.gov/genome/351?genome_assembly_id=983004,Yes,HanXRQr2.0,,
68,http://cbcb.cdutcm.edu.cn/TCMPG/resource/plants/details?id=TCMPG10068,Hevea brasiliensis, 橡胶树, rubber tree,Malpighiales,Euphorbiaceae,https://www.ncbi.nlm.nih.gov/genome/503?genome_assembly_id=276723,Yes,ASM165405v1,,
69,http://cbcb.cdutcm.edu.cn/TCMPG/resource/plants/details?id=TCMPG10069,Hibiscus cannabinus, 大麻槿、洋麻, kenaf hibiscus,Malvales,Malvaceae,https://ngdc.cncb.ac.cn/search/?dbId=gwh&q=GWHACDB00000000+,Yes,,,
70,http://cbcb.cdutcm.edu.cn/TCMPG/resource/plants/details?id=TCMPG10070,Hibiscus syriacus, 木槿, rose of Sharon,Malvales,Malvaceae,https://www.ncbi.nlm.nih.gov/genome/37069?genome_assembly_id=742583,Yes,ASM638163v2,,
71,http://cbcb.cdutcm.edu.cn/TCMPG/resource/plants/details?id=TCMPG10071,Hordeum vulgare, 大麦, barley,Poales,Poaceae,ftp://ftpmips.helmholtz-muenchen.de/plants/barley/genome_release2017/,No,IBSC_PGSB_r1,网站打不开,
72,http://cbcb.cdutcm.edu.cn/TCMPG/resource/plants/details?id=TCMPG10072,Jatropha curcas, 麻风树, leprous Tree,Malpighiales,Euphorbiaceae,https://www.ncbi.nlm.nih.gov/genome/915?genome_assembly_id=1468417,Yes,RJC1_Hi-C,多个版本,
73,http://cbcb.cdutcm.edu.cn/TCMPG/resource/plants/details?id=TCMPG10073,Juglans regia, 胡桃, walnut,Fagales,Juglandaceae,https://www.ncbi.nlm.nih.gov/genome/17683?genome_assembly_id=955338,Yes,Walnut_2.0,多个版本,
74,http://cbcb.cdutcm.edu.cn/TCMPG/resource/plants/details?id=TCMPG10074,Lactuca sativa, 莴苣, lettuce,Asterales,Asteraceae,https://www.ncbi.nlm.nih.gov/genome/352?genome_assembly_id=380229,No,Lsat_Salinas_v7,没有注释文件,
75,http://cbcb.cdutcm.edu.cn/TCMPG/resource/plants/details?id=TCMPG10075,Lagenaria siceraria, 葫芦, bottle gourd,Cucurbitales,Cucurbitaceae,http://cucurbitgenomics.org/ftp/genome/BottleGourd/USVL1VR-Ls/,Yes,v1,,
76,http://cbcb.cdutcm.edu.cn/TCMPG/resource/plants/details?id=TCMPG10076,Lemna minor, 浮萍, common&nbsp;duckweed,Alismatales,Araceae,https://genomevolution.org/coge/SearchResults.pl?s=27408%20type%3A%3Agenome&p=genome,No,,没有蛋白文件,
77,http://cbcb.cdutcm.edu.cn/TCMPG/resource/plants/details?id=TCMPG10077,Linum usitatissimum, 亚麻, flax,Malpighiales,Linaceae,https://phytozome-next.jgi.doe.gov/info/Lusitatissimum_v1_0,Yes,200_v1.0,,
78,http://cbcb.cdutcm.edu.cn/TCMPG/resource/plants/details?id=TCMPG10078,Lonicera japonica, 金银花, Japanese honeysuckle,Dipsacales,Caprifoliaceae,https://ngdc.cncb.ac.cn/search/?dbId=gwh&q=Lonicera+japonica,Yes,,,
79,http://cbcb.cdutcm.edu.cn/TCMPG/resource/plants/details?id=TCMPG10079,Lupinus albus, 白羽扇豆, white lupin,Fabales,Fabaceae,https://www.ncbi.nlm.nih.gov/genome/15582?genome_assembly_id=770531,Yes,La_Amiga3.1,多个版本,
80,http://cbcb.cdutcm.edu.cn/TCMPG/resource/plants/details?id=TCMPG10080,Lupinus angustifolius, 窄叶羽扇豆, narrowleaf lupin,Fabales,Fabaceae,https://www.ncbi.nlm.nih.gov/genome/11024?genome_assembly_id=293370,Yes,LupAngTanjil_v1.0,,
81,http://cbcb.cdutcm.edu.cn/TCMPG/resource/plants/details?id=TCMPG10081,Macleaya cordata, 博落回, pink plumepoppy,Ranunculales,Papaveraceae,https://www.ncbi.nlm.nih.gov/genome/12912?genome_assembly_id=320133,Yes,MC_HNAU_1.0,,
82,http://cbcb.cdutcm.edu.cn/TCMPG/resource/plants/details?id=TCMPG10082,Manihot esculenta, 木薯, cassave,Malpighiales,Euphorbiaceae,https://www.ncbi.nlm.nih.gov/assembly?LinkName=genome_assembly&from_uid=441,Yes,Manihot_esculenta_v6,,
83,http://cbcb.cdutcm.edu.cn/TCMPG/resource/plants/details?id=TCMPG10083,Marchantia polymorpha, 地钱, liverwort,Marchantiales,Marchantiaceae,https://marchantia.info/download/tak1v5.1/,Yes,v5.1,,
84,http://cbcb.cdutcm.edu.cn/TCMPG/resource/plants/details?id=TCMPG10084,Medicago sativa, 苜蓿, alfalfa,Fabales,Fabaceae,https://figshare.com/articles/dataset/genome_fasta_sequence_and_annotation_files/12327602,Yes,,,
85,http://cbcb.cdutcm.edu.cn/TCMPG/resource/plants/details?id=TCMPG10085,Miscanthus sinensis, 芒, Chinese silvergrass,Poales,Poaceae,https://genome.jgi.doe.gov/portal/pages/dynamicOrganismDownload.jsf?organism=Msinensis,Yes,497_v7.1,,
86,http://cbcb.cdutcm.edu.cn/TCMPG/resource/plants/details?id=TCMPG10086,Momordica charantia, 苦瓜, bitter gourd,Cucurbitales,Cucurbitaceae,https://www.ncbi.nlm.nih.gov/genome/12860?genome_assembly_id=306190,Yes,ASM199503v1,,
87,http://cbcb.cdutcm.edu.cn/TCMPG/resource/plants/details?id=TCMPG10087,Musa acuminata, 香蕉, banana,Zingiberales,Musaceae,https://banana-genome-hub.southgreen.fr/node/50/1161443,No,v2,找不到文件,
88,http://cbcb.cdutcm.edu.cn/TCMPG/resource/plants/details?id=TCMPG10088,Nelumbo nucifera, 荷花、莲, lotus,Proteales,Nelumbonaceae,http://nelumbo.biocloud.net/nelumbo/download/download,Yes,v2.0,,
89,http://cbcb.cdutcm.edu.cn/TCMPG/resource/plants/details?id=TCMPG10089,Nicotiana tabacum, 烟草, common tobacco,Solanales,Solanaceae,https://www.ncbi.nlm.nih.gov/genome/425?genome_assembly_id=274804,Yes,Ntab-TN90,,
90,http://cbcb.cdutcm.edu.cn/TCMPG/resource/plants/details?id=TCMPG10090,Nyssa sinensis, 紫树, Chinese tupelo,Cornales,Nyssaceae,,No,,没有蛋白文件,
91,http://cbcb.cdutcm.edu.cn/TCMPG/resource/plants/details?id=TCMPG10091,Ocimum basilicum, 罗勒, sweet basil,Lamiales,Lamiaceae,https://datadryad.org/stash/dataset/doi:10.5061/dryad.jwstqjq6t,Yes,,,
92,http://cbcb.cdutcm.edu.cn/TCMPG/resource/plants/details?id=TCMPG10092,Olea europaea, 油橄榄, olive,Lamiales,Oleaceae,https://denovo.cnag.cat/olive_data?fid=928#block-likable-page-title,Yes,europaea,,
93,http://cbcb.cdutcm.edu.cn/TCMPG/resource/plants/details?id=TCMPG10093,Origanum majorana, 甘牛至、马郁兰, sweet marjoram,Lamiales,Lamiaceae,https://datadryad.org/stash/dataset/doi:10.5061/dryad.jwstqjq6t,Yes,,,
94,http://cbcb.cdutcm.edu.cn/TCMPG/resource/plants/details?id=TCMPG10094,Origanum vulgare, 牛至, oregano,Lamiales,Lamiaceae,https://datadryad.org/stash/dataset/doi:10.5061/dryad.jwstqjq6t,Yes,,,
95,http://cbcb.cdutcm.edu.cn/TCMPG/resource/plants/details?id=TCMPG10095,Oryza sativa, 水稻, rice,Poales,Poaceae,https://www.ncbi.nlm.nih.gov/genome/10?genome_assembly_id=22512,Yes,Build_4.0,,
96,http://cbcb.cdutcm.edu.cn/TCMPG/resource/plants/details?id=TCMPG10096,Panax ginseng, 人参, Asian ginseng,Apiales,Araliaceae,http://ginsengdb.snu.ac.kr/data.php,Yes,,,
97,http://cbcb.cdutcm.edu.cn/TCMPG/resource/plants/details?id=TCMPG10097,Panicum miliaceum, 黍, broomcorn millet,Poales,Poaceae,https://genomevolution.org/coge/GenomeInfo.pl?gid=52484,No,,没有蛋白文件,
98,http://cbcb.cdutcm.edu.cn/TCMPG/resource/plants/details?id=TCMPG10098,Papaver somniferum, 罂粟, opium poppy,Ranunculales,Papaveraceae,https://www.ncbi.nlm.nih.gov/genome/12819?genome_assembly_id=406996,Yes,ASM357369v1,,
99,http://cbcb.cdutcm.edu.cn/TCMPG/resource/plants/details?id=TCMPG10099,Persea americana, 鳄梨, avocado,Laurales,Lauraceae,https://genomevolution.org/coge/SearchResults.pl?s=29302&p=genome,No,,没有蛋白文件,
100,http://cbcb.cdutcm.edu.cn/TCMPG/resource/plants/details?id=TCMPG10100,Phaseolus vulgaris, 菜豆, common bean,Fabales,Fabaceae,https://www.ncbi.nlm.nih.gov/genome/380?genome_assembly_id=48590,Yes,G19833,,
101,http://cbcb.cdutcm.edu.cn/TCMPG/resource/plants/details?id=TCMPG10101,Phoenix dactylifera, 海枣, date palm,Arecales,Arecaceae,https://datepalmgenomehub.abudhabi.nyu.edu/?q=node/12,Yes,unan_180126,,
102,http://cbcb.cdutcm.edu.cn/TCMPG/resource/plants/details?id=TCMPG10102,Phyllostachys edulis, 孟宗竹、毛竹, moso bamboo,Poales,Poaceae,ftp://parrot.genomics.cn/gigadb/pub/10.5524/100001_101000/100498/,No,,网站打不开,
103,http://cbcb.cdutcm.edu.cn/TCMPG/resource/plants/details?id=TCMPG10103,Picea abies, 挪威云杉、欧洲云杉, Norway spruce,Pinales,Pinaceae,ftp://plantgenie.org/Data/ConGenIE/Picea_abies/v1.0/,No,,网站打不开,
104,http://cbcb.cdutcm.edu.cn/TCMPG/resource/plants/details?id=TCMPG10104,Pinus taeda, 火炬松, loblolly pine,Pinales,Pinaceae,,No,,网站打不开,
105,http://cbcb.cdutcm.edu.cn/TCMPG/resource/plants/details?id=TCMPG10105,Piper nigrum, 胡椒, black pepper,Piperales,Piperaceae,http://cotton.hzau.edu.cn/EN/download.php,Yes,,,
106,http://cbcb.cdutcm.edu.cn/TCMPG/resource/plants/details?id=TCMPG10106,Pistacia vera, 开心果, pistachio,Sapindales,Anacardiaceae,https://www.ncbi.nlm.nih.gov/genome/55403?genome_assembly_id=694755,Yes,PisVer_v2,,
107,http://cbcb.cdutcm.edu.cn/TCMPG/resource/plants/details?id=TCMPG10107,Pisum sativum, 豌豆, common pea,Fabales,Fabaceae,https://urgi.versailles.inra.fr/download/pea/,Yes,v1a,,
108,http://cbcb.cdutcm.edu.cn/TCMPG/resource/plants/details?id=TCMPG10108,Platycodon grandiflorus, 桔梗, balloon flower,Asterales,Campanulaceae,,No,,网站打不开,
109,http://cbcb.cdutcm.edu.cn/TCMPG/resource/plants/details?id=TCMPG10109,Pogostemon cablin, 广霍香, patchouli,Lamiales,Lamiaceae,,No,v1,文件无法下载,
110,http://cbcb.cdutcm.edu.cn/TCMPG/resource/plants/details?id=TCMPG10110,Populus alba, 银白杨, white poplar,Malpighiales,Salicaceae,https://ngdc.cncb.ac.cn/search/?dbId=gwh&q=GWHAAEP00000000,Yes,,,
111,http://cbcb.cdutcm.edu.cn/TCMPG/resource/plants/details?id=TCMPG10111,Populus tremula, 欧洲山杨, European aspen,Malpighiales,Salicaceae,https://plantgenie.org/FTP?dir=Data%2FPopGenIE%2FPopulus_tremula%2Fv2.2,No,,无法下载,
112,http://cbcb.cdutcm.edu.cn/TCMPG/resource/plants/details?id=TCMPG10112,Populus tremuloides, 美洲山杨, American aspen,Malpighiales,Salicaceae,https://plantgenie.org/FTP?dir=Data%2FPopGenIE%2FPopulus_tremuloides%2Fv1.1,No,,无法下载,
113,http://cbcb.cdutcm.edu.cn/TCMPG/resource/plants/details?id=TCMPG10113,Populus trichocarpa, 毛果杨, black cottonwood,Malpighiales,Salicaceae,https://www.ncbi.nlm.nih.gov/genome/98?genome_assembly_id=371650,Yes,Pop_tri_v3,,
114,http://cbcb.cdutcm.edu.cn/TCMPG/resource/plants/details?id=TCMPG10114,Primula veris, 黄花九轮草, cowslip,Ericales,Primulaceae,https://datadryad.org/stash/dataset/doi:10.5061/dryad.2s200,Yes,Annot6,,
115,http://cbcb.cdutcm.edu.cn/TCMPG/resource/plants/details?id=TCMPG10115,Prunus mume, 梅, Chinese plum,Rosales,Rosaceae,https://www.ncbi.nlm.nih.gov/genome/13911?genome_assembly_id=44389,Yes,P.mume_V1.0,,
116,http://cbcb.cdutcm.edu.cn/TCMPG/resource/plants/details?id=TCMPG10116,Prunus persica, 桃, peach,Rosales,Rosaceae,https://www.ncbi.nlm.nih.gov/genome/388?genome_assembly_id=312190,Yes,Prunus_persica_NCBIv2,,
117,http://cbcb.cdutcm.edu.cn/TCMPG/resource/plants/details?id=TCMPG10117,Prunus yedoensis, 樱花, flowering cherry,Rosales,Rosaceae,ftp://ftp.kazusa.or.jp/pub/cherry/Cerasus_x_yedoensis/,No,r3.1,网站打不开,
118,http://cbcb.cdutcm.edu.cn/TCMPG/resource/plants/details?id=TCMPG10118,Punica granatum, 石榴, pomegranate,Myrtales,Lythraceae,https://www.ncbi.nlm.nih.gov/genome/13946?genome_assembly_id=720008,Yes,ASM765513v2,,
119,http://cbcb.cdutcm.edu.cn/TCMPG/resource/plants/details?id=TCMPG10119,Pyrus bretschneideri, 梨, pear,Rosales,Rosaceae,https://www.rosaceae.org/species/pyrus_bretschneideri/genome_v1.1,Yes,v1.1,,
120,http://cbcb.cdutcm.edu.cn/TCMPG/resource/plants/details?id=TCMPG10120,Pyrus communis, 西洋梨, european pear,Rosales,Rosaceae,http://gigadb.org/dataset/view/id/100644/File_page/2,Yes,v2.0,,
121,http://cbcb.cdutcm.edu.cn/TCMPG/resource/plants/details?id=TCMPG10121,Quercus robur, 橡树, oak,Fagales,Fagaceae,https://www.oakgenome.fr/?page_id=587,Yes,PM1N,,
122,http://cbcb.cdutcm.edu.cn/TCMPG/resource/plants/details?id=TCMPG10122,Raphanus sativus, 萝卜, radish,Brassicales,Brassicaceae,https://plantgarden.jp/en/download/t3726/t3726.G003/,Yes,RSAskr_r1.0,,
123,http://cbcb.cdutcm.edu.cn/TCMPG/resource/plants/details?id=TCMPG10123,Rhodiola crenulata, 大花红景天, rhodiola crenulata,Saxifragales,Crassulaceae,http://gigadb.org/dataset/100301,Yes,,,
124,http://cbcb.cdutcm.edu.cn/TCMPG/resource/plants/details?id=TCMPG10124,Rhododendron simsii, 杜鹃, azaleas,Ericales,Ericaceae,http://rhododendron.plantgenie.org/,No,,网站打不开,
125,http://cbcb.cdutcm.edu.cn/TCMPG/resource/plants/details?id=TCMPG10125,Ricinus communis, 蓖麻, castor bean,Malpighiales,Euphorbiaceae,,No,0.1,网站打不开,
126,http://cbcb.cdutcm.edu.cn/TCMPG/resource/plants/details?id=TCMPG10126,Rosa chinensis, 月季, rose,Rosales,Rosaceae,https://www.rosaceae.org/analysis/282,Yes,v2.0,,
127,http://cbcb.cdutcm.edu.cn/TCMPG/resource/plants/details?id=TCMPG10127,Rosa multiflora, 野玫瑰, wild rose,Rosales,Rosaceae,https://drive.google.com/drive/folders/1bhwxXb4RMRJYqyu5aez1y_XEvgv-uZQN,Yes,r2.0.braker1,,
128,http://cbcb.cdutcm.edu.cn/TCMPG/resource/plants/details?id=TCMPG10128,Rosmarinus officinalis, 迷迭香, rosemary,Lamiales,Lamiaceae,https://datadryad.org/stash/dataset/doi:10.5061/dryad.jwstqjq6t,Yes,,,
129,http://cbcb.cdutcm.edu.cn/TCMPG/resource/plants/details?id=TCMPG10129,Salvia miltiorrhiza, 丹参, Chinese red sage,Lamiales,Lamiaceae,https://ngdc.cncb.ac.cn/gwh/Assembly/10381/show,Yes,2020,,
130,http://cbcb.cdutcm.edu.cn/TCMPG/resource/plants/details?id=TCMPG10130,Salvia splendens, 一串红, scarlet sage,Lamiales,Lamiaceae,http://gigadb.org/dataset/100463,Yes,,,
131,http://cbcb.cdutcm.edu.cn/TCMPG/resource/plants/details?id=TCMPG10131,Selaginella moellendorffii, 江南卷柏, gemmiferous spikemoss,Selaginellales,Selaginellaceae,https://www.ncbi.nlm.nih.gov/genome/?term=txid88036[orgn],Yes,v1.0,,
132,http://cbcb.cdutcm.edu.cn/TCMPG/resource/plants/details?id=TCMPG10132,Sesamum indicum, 芝麻, sesame,Lamiales,Pedaliaceae,,No,,网站打不开,
133,http://cbcb.cdutcm.edu.cn/TCMPG/resource/plants/details?id=TCMPG10133,Setaria italica, 谷子, foxtail millet,Poales,Poaceae,,No,,网站打不开,
134,http://cbcb.cdutcm.edu.cn/TCMPG/resource/plants/details?id=TCMPG10134,Sinapis alba, 白芥, white mustard,Brassicales,Brassicaceae,https://www.ncbi.nlm.nih.gov/genome/87543?genome_assembly_id=1473946,Yes,S.alba_v1,,
135,http://cbcb.cdutcm.edu.cn/TCMPG/resource/plants/details?id=TCMPG10135,Siraitia grosvenorii, 罗汉果, monk fruit,Cucurbitales,Cucurbitaceae,http://gigadb.org/dataset/100452,Yes,,,
136,http://cbcb.cdutcm.edu.cn/TCMPG/resource/plants/details?id=TCMPG10136,Solanum chacoense, 野生马铃薯, wild potato,Solanales,Solanaceae,https://datadryad.org/stash/dataset/doi:10.5061/dryad.kc835,Yes,v4.1,,
137,http://cbcb.cdutcm.edu.cn/TCMPG/resource/plants/details?id=TCMPG10137,Solanum melongena, 茄子, eggplant,Solanales,Solanaceae,http://eggplant-hq.cn/Eggplant/download,Yes,2020,,
138,http://cbcb.cdutcm.edu.cn/TCMPG/resource/plants/details?id=TCMPG10138,Solanum tuberosum, 马铃薯, potato,Solanales,Solanaceae,http://spuddb.uga.edu/rh_potato_download.shtml,Yes,v3,,
139,http://cbcb.cdutcm.edu.cn/TCMPG/resource/plants/details?id=TCMPG10139,Spatholobus suberectus, 密花豆, NA,Fabales,Fabaceae,https://www.ncbi.nlm.nih.gov/genome/76287?genome_assembly_id=467861,Yes,ASM432916v1,,
140,http://cbcb.cdutcm.edu.cn/TCMPG/resource/plants/details?id=TCMPG10140,Spinacia oleracea, 菠菜, spinach,Caryophyllales,Amaranthaceae,http://www.spinachbase.org/download,Yes,v1,,
141,http://cbcb.cdutcm.edu.cn/TCMPG/resource/plants/details?id=TCMPG10141,Tectona grandis, 柚木, teak,Lamiales,Lamiaceae,http://gigadb.org/dataset/100550,Yes,2019,多个版本,
142,http://cbcb.cdutcm.edu.cn/TCMPG/resource/plants/details?id=TCMPG10142,Theobroma cacao, 可可, cacao,Malvales,Malvaceae,https://cocoa-genome-hub.southgreen.fr/download,Yes,V2,,
143,http://cbcb.cdutcm.edu.cn/TCMPG/resource/plants/details?id=TCMPG10143,Tripterygium wilfordii, 雷公藤, thunder god vine,Celastrales,Celastraceae,https://www.ncbi.nlm.nih.gov/genome/12874?genome_assembly_id=919160,Yes,ASM1340144v1,,
144,http://cbcb.cdutcm.edu.cn/TCMPG/resource/plants/details?id=TCMPG10144,Triticum aestivum, 小麦, wheat,Poales,Poaceae,https://urgi.versailles.inrae.fr/download/iwgsc/IWGSC_RefSeq_Annotations/v2.1/,Yes,iwgsc_refseqv2.1,,
145,http://cbcb.cdutcm.edu.cn/TCMPG/resource/plants/details?id=TCMPG10145,Trochodendron aralioides, 昆栏树, wheel tree ,Trochodendrales,Trochodendraceae,http://gigadb.org/dataset/100657,Yes,,,
146,http://cbcb.cdutcm.edu.cn/TCMPG/resource/plants/details?id=TCMPG10146,Vigna angularis, 赤豆, azuki bean,Fabales,Fabaceae,https://www.ncbi.nlm.nih.gov/genome/11109?genome_assembly_id=244761,Yes,Vigan1.1,,
147,http://cbcb.cdutcm.edu.cn/TCMPG/resource/plants/details?id=TCMPG10147,Vigna unguiculata, 豇豆, cowpea,Fabales,Fabaceae,https://www.ncbi.nlm.nih.gov/assembly?LinkName=genome_assembly&from_uid=11030,Yes,ASM411807v1,,
148,http://cbcb.cdutcm.edu.cn/TCMPG/resource/plants/details?id=TCMPG10148,Vitis vinifera, 葡萄, grape,Vitales,Vitaceae,http://www.grapegenomics.com/pages/VvCabSauv/download.php,Yes,vCabSauv08_v1.1,多个版本,
149,http://cbcb.cdutcm.edu.cn/TCMPG/resource/plants/details?id=TCMPG10149,Zea mays, 玉米, maize,Poales,Poaceae,https://download.maizegdb.org/Zm-W22-REFERENCE-NRGENE-2.0/,Yes,Zm-W22-REFERENCE-NRGENE-2.0_Zm00004b.1,多个版本,
150,http://cbcb.cdutcm.edu.cn/TCMPG/resource/plants/details?id=TCMPG10150,Ziziphus jujuba, 枣, jujube,Rosales,Rhamnaceae,https://www.ncbi.nlm.nih.gov/genome/15586?genome_assembly_id=219393,Yes,ZizJuj_1.1,,
151,http://cbcb.cdutcm.edu.cn/TCMPG/resource/plants/details?id=TCMPG10151,Zostera marina, 大叶藻, eelgrass,Alismatales,Zosteraceae,https://bioinformatics.psb.ugent.be/gdb/zostera/,Yes,v2,,
152,http://cbcb.cdutcm.edu.cn/TCMPG/resource/plants/details?id=TCMPG10152,Strobilanthes cusia, 板蓝、马蓝, assam indigo,Lamiales,Acanthaceae,http://indigoid-plant.iflora.cn/,Yes,,,
153,http://cbcb.cdutcm.edu.cn/TCMPG/resource/plants/details?id=TCMPG10153,Senna tora, 决明, sickle senna,Fabales,Fabaceae,https://www.ncbi.nlm.nih.gov/genome/44961?genome_assembly_id=1470505,Yes,ASM1485142v1,,
154,http://cbcb.cdutcm.edu.cn/TCMPG/resource/plants/details?id=TCMPG10154,Artemisia annua, 黄花蒿, sweet wormwood or Qinghao,Fabales,Fabaceae,https://ftp.ncbi.nlm.nih.gov/genomes/all/GCA/003/112/345/GCA_003112345.1_ASM311234v1/,Yes,ASM311234v1,,
155,http://cbcb.cdutcm.edu.cn/TCMPG/resource/plants/details?id=TCMPG10155,Chrysanthemum nankingense, 菊花脑, juhuanao,Asterales,Asteraceae,http://www.amwayabrc.com/download.htm,Yes,v2.0,蛋白文件有问题,
156,http://cbcb.cdutcm.edu.cn/TCMPG/resource/plants/details?id=TCMPG10156,Cinnamomum kanehirae, 牛樟, stout camphor tree,Laurales,Lauraceae,https://www.ncbi.nlm.nih.gov/genome/57158?genome_assembly_id=405569,Yes,ASBRC_Ckan_1.0,,
157,http://cbcb.cdutcm.edu.cn/TCMPG/resource/plants/details?id=TCMPG10157,Bombax ceiba, 木棉, red silk cotton tree,Malvales,Malvaceae,http://gigadb.org/dataset/100445,Yes,,,
158,http://cbcb.cdutcm.edu.cn/TCMPG/resource/plants/details?id=TCMPG10158,Toona sinensis, 香椿, Chinese mahogany,Sapindales,Meliaceae,https://ftp.cngb.org/pub/CNSA/data1/CNP0000958/CNS0203218/CNA0019196/,Yes,V1,,
159,http://cbcb.cdutcm.edu.cn/TCMPG/resource/plants/details?id=TCMPG10159,Chiococca alba, 西印度乳果, west Indian milkberry,Gentianales,Rubiaceae,https://datadryad.org/stash/dataset/doi:10.5061/dryad.00000000r,Yes,,,
160,http://cbcb.cdutcm.edu.cn/TCMPG/resource/plants/details?id=TCMPG10160,Acer truncatum, 元宝枫, purpleblow maple,Sapindales,Sapindaceae,https://figshare.com/articles/dataset/The_Acer_truncatum_genome_provides_insights_into_the_nervonic_acid_biosynthesis/12986237/2,Yes,,,
161,https://onlinelibrary.wiley.com/doi/full/10.1111/1755-0998.13675,Arctium lappa,牛蒡,,,,ftp://ftp.agis.org.cn/Inulin_plants/Inulin_plants/Arctium_lappa/,No,,,
162,https://onlinelibrary.wiley.com/doi/full/10.1111/1755-0998.13675,Cichorium endivia,苦菊,,,,ftp://ftp.agis.org.cn/Inulin_plants/Inulin_plants/Cichorium_endivia/,No,,,
163,https://onlinelibrary.wiley.com/doi/full/10.1111/1755-0998.13675,Cichorium intybus,菊苣,,,,ftp://ftp.agis.org.cn/Inulin_plants/Inulin_plants/Cichorium_intybus/,No,,,
164,https://onlinelibrary.wiley.com/doi/full/10.1111/1755-0998.13675,Smallanthus sonchifolius,雪莲果,,,,ftp://ftp.agis.org.cn/Inulin_plants/Inulin_plants/Smallanthus_sonchifolius/,No,,,
165,,,,,,,,No,,,
166,,,,,,,,No,,,
167,,,,,,,,No,,,
168,,,,,,,,No,,,
169,,,,,,,,No,,,
170,,,,,,,,No,,,
171,,,,,,,,No,,,
172,,,,,,,,No,,,
173,,,,,,,,No,,,
174,,,,,,,,No,,,
175,,,,,,,,No,,,
176,,,,,,,,No,,,
177,,,,,,,,No,,,
178,,,,,,,,No,,,
179,,,,,,,,No,,,
180,,,,,,,,No,,,
181,,,,,,,,No,,,
182,,,,,,,,No,,,
183,,,,,,,,No,,,
184,,,,,,,,No,,,
185,,,,,,,,No,,,
186,,,,,,,,No,,,
187,,,,,,,,No,,,
188,,,,,,,,No,,,
189,,,,,,,,No,,,
190,,,,,,,,No,,,
191,,,,,,,,No,,,
192,,,,,,,,No,,,
193,,,,,,,,No,,,
194,,,,,,,,No,,,
195,,,,,,,,No,,,
196,,,,,,,,No,,,
197,,,,,,,,No,,,
198,,,,,,,,No,,,
199,,,,,,,,No,,,
200,,,,,,,,No,,,
201,,,,,,,,No,,,
202,,,,,,,,No,,,
203,,,,,,,,No,,,
204,,,,,,,,No,,,
205,,,,,,,,No,,,
206,,,,,,,,No,,,
207,,,,,,,,No,,,
208,,,,,,,,No,,,
209,,,,,,,,No,,,
210,,,,,,,,No,,,
211,,,,,,,,No,,,
212,,,,,,,,No,,,
213,,,,,,,,No,,,
214,,,,,,,,No,,,
215,,,,,,,,No,,,
216,,,,,,,,No,,,
217,,,,,,,,No,,,
218,,,,,,,,No,,,
219,,,,,,,,No,,,
220,,,,,,,,No,,,
221,,,,,,,,No,,,
222,,,,,,,,No,,,
223,,,,,,,,No,,,
224,,,,,,,,No,,,
225,,,,,,,,No,,,
226,,,,,,,,No,,,
227,,,,,,,,No,,,
228,,,,,,,,No,,,
229,,,,,,,,No,,,
230,,,,,,,,No,,,
231,,,,,,,,No,,,
232,,,,,,,,No,,,
233,,,,,,,,No,,,
234,,,,,,,,No,,,
235,,,,,,,,No,,,
236,,,,,,,,No,,,
237,,,,,,,,No,,,
238,,,,,,,,No,,,
239,,,,,,,,No,,,
240,,,,,,,,No,,,
241,,,,,,,,No,,,
242,,,,,,,,No,,,
243,,,,,,,,No,,,
244,,,,,,,,No,,,
245,,,,,,,,No,,,
246,,,,,,,,No,,,
247,,,,,,,,No,,,
248,,,,,,,,No,,,
249,,,,,,,,No,,,
250,,,,,,,,No,,,
251,,,,,,,,No,,,
252,,,,,,,,No,,,
253,,,,,,,,No,,,
254,,,,,,,,No,,,
255,,,,,,,,No,,,
256,,,,,,,,No,,,
257,,,,,,,,No,,,
258,,,,,,,,No,,,
259,,,,,,,,No,,,
260,,,,,,,,No,,,
261,,,,,,,,No,,,
262,,,,,,,,No,,,
263,,,,,,,,No,,,
264,,,,,,,,No,,,
265,,,,,,,,No,,,
266,,,,,,,,No,,,
267,,,,,,,,No,,,
268,,,,,,,,No,,,
269,,,,,,,,No,,,
270,,,,,,,,No,,,
271,,,,,,,,No,,,
272,,,,,,,,No,,,
273,,,,,,,,No,,,
274,,,,,,,,No,,,
275,,,,,,,,No,,,
276,,,,,,,,No,,,
277,,,,,,,,No,,,
278,,,,,,,,No,,,
279,,,,,,,,No,,,
280,,,,,,,,No,,,
281,,,,,,,,No,,,
282,,,,,,,,No,,,
283,,,,,,,,No,,,
284,,,,,,,,No,,,
285,,,,,,,,No,,,
286,,,,,,,,No,,,
287,,,,,,,,No,,,
288,,,,,,,,No,,,
289,,,,,,,,No,,,
290,,,,,,,,No,,,
291,,,,,,,,No,,,
292,,,,,,,,No,,,
293,,,,,,,,No,,,
294,,,,,,,,No,,,
295,,,,,,,,No,,,
296,,,,,,,,No,,,
297,,,,,,,,No,,,
298,,,,,,,,No,,,
299,,,,,,,,No,,,
300,,,,,,,,No,,,
301,,,,,,,,No,,,
302,,,,,,,,No,,,
303,,,,,,,,No,,,
304,,,,,,,,No,,,
305,,,,,,,,No,,,
306,,,,,,,,No,,,
307,,,,,,,,No,,,
308,,,,,,,,No,,,
309,,,,,,,,No,,,
310,,,,,,,,No,,,
311,,,,,,,,No,,,
312,,,,,,,,No,,,
313,,,,,,,,No,,,
314,,,,,,,,No,,,
315,,,,,,,,No,,,
316,,,,,,,,No,,,
317,,,,,,,,No,,,
318,,,,,,,,No,,,
319,,,,,,,,No,,,
320,,,,,,,,No,,,
321,,,,,,,,No,,,
322,,,,,,,,No,,,
323,,,,,,,,No,,,
324,,,,,,,,No,,,
325,,,,,,,,No,,,
326,,,,,,,,No,,,
327,,,,,,,,No,,,
328,,,,,,,,No,,,
329,,,,,,,,No,,,
330,,,,,,,,No,,,
331,,,,,,,,No,,,
332,,,,,,,,No,,,
333,,,,,,,,No,,,
334,,,,,,,,No,,,
335,,,,,,,,No,,,
336,,,,,,,,No,,,
337,,,,,,,,No,,,
338,,,,,,,,No,,,
339,,,,,,,,No,,,
340,,,,,,,,No,,,
341,,,,,,,,No,,,
342,,,,,,,,No,,,
343,,,,,,,,No,,,
344,,,,,,,,No,,,
345,,,,,,,,No,,,
346,,,,,,,,No,,,
347,,,,,,,,No,,,
348,,,,,,,,No,,,
349,,,,,,,,No,,,
350,,,,,,,,No,,,
351,,,,,,,,No,,,
352,,,,,,,,No,,,
353,,,,,,,,No,,,
354,,,,,,,,No,,,
355,,,,,,,,No,,,
356,,,,,,,,No,,,
357,,,,,,,,No,,,
358,,,,,,,,No,,,
359,,,,,,,,No,,,
360,,,,,,,,No,,,
361,,,,,,,,No,,,
362,,,,,,,,No,,,
363,,,,,,,,No,,,
364,,,,,,,,No,,,
365,,,,,,,,No,,,
366,,,,,,,,No,,,
367,,,,,,,,No,,,
368,,,,,,,,No,,,
369,,,,,,,,No,,,
370,,,,,,,,No,,,
371,,,,,,,,No,,,
372,,,,,,,,No,,,
373,,,,,,,,No,,,
374,,,,,,,,No,,,
375,,,,,,,,No,,,
376,,,,,,,,No,,,
377,,,,,,,,No,,,
378,,,,,,,,No,,,
379,,,,,,,,No,,,
380,,,,,,,,No,,,
381,,,,,,,,No,,,
382,,,,,,,,No,,,
383,,,,,,,,No,,,
384,,,,,,,,No,,,
385,,,,,,,,No,,,
386,,,,,,,,No,,,
387,,,,,,,,No,,,
388,,,,,,,,No,,,
389,,,,,,,,No,,,
390,,,,,,,,No,,,
391,,,,,,,,No,,,
392,,,,,,,,No,,,
393,,,,,,,,No,,,
394,,,,,,,,No,,,
395,,,,,,,,No,,,
396,,,,,,,,No,,,
397,,,,,,,,No,,,
398,,,,,,,,No,,,
399,,,,,,,,No,,,
400,,,,,,,,No,,,
401,,,,,,,,No,,,
402,,,,,,,,No,,,
403,,,,,,,,No,,,
404,,,,,,,,No,,,
405,,,,,,,,No,,,
406,,,,,,,,No,,,
407,,,,,,,,No,,,
408,,,,,,,,No,,,
409,,,,,,,,No,,,
410,,,,,,,,No,,,
411,,,,,,,,No,,,
412,,,,,,,,No,,,
413,,,,,,,,No,,,
414,,,,,,,,No,,,
415,,,,,,,,No,,,
416,,,,,,,,No,,,
417,,,,,,,,No,,,
418,,,,,,,,No,,,
419,,,,,,,,No,,,
420,,,,,,,,No,,,
421,,,,,,,,No,,,
422,,,,,,,,No,,,
423,,,,,,,,No,,,
424,,,,,,,,No,,,
425,,,,,,,,No,,,
426,,,,,,,,No,,,
427,,,,,,,,No,,,
428,,,,,,,,No,,,
429,,,,,,,,No,,,
430,,,,,,,,No,,,
431,,,,,,,,No,,,
432,,,,,,,,No,,,
433,,,,,,,,No,,,
434,,,,,,,,No,,,
435,,,,,,,,No,,,
436,,,,,,,,No,,,
437,,,,,,,,No,,,
438,,,,,,,,No,,,
439,,,,,,,,No,,,
440,,,,,,,,No,,,
441,,,,,,,,No,,,
442,,,,,,,,No,,,
443,,,,,,,,No,,,
444,,,,,,,,No,,,
445,,,,,,,,No,,,
446,,,,,,,,No,,,
447,,,,,,,,No,,,
448,,,,,,,,No,,,
449,,,,,,,,No,,,
450,,,,,,,,No,,,
451,,,,,,,,No,,,
452,,,,,,,,No,,,
453,,,,,,,,No,,,
454,,,,,,,,No,,,
455,,,,,,,,No,,,
456,,,,,,,,No,,,
457,,,,,,,,No,,,
458,,,,,,,,No,,,
459,,,,,,,,No,,,
460,,,,,,,,No,,,
461,,,,,,,,No,,,
462,,,,,,,,No,,,
463,,,,,,,,No,,,
464,,,,,,,,No,,,
465,,,,,,,,No,,,
466,,,,,,,,No,,,
467,,,,,,,,No,,,
468,,,,,,,,No,,,
469,,,,,,,,No,,,
470,,,,,,,,No,,,
471,,,,,,,,No,,,
472,,,,,,,,No,,,
473,,,,,,,,No,,,
474,,,,,,,,No,,,
475,,,,,,,,No,,,
476,,,,,,,,No,,,
477,,,,,,,,No,,,
478,,,,,,,,No,,,
479,,,,,,,,No,,,
480,,,,,,,,No,,,
481,,,,,,,,No,,,
482,,,,,,,,No,,,
483,,,,,,,,No,,,
484,,,,,,,,No,,,
485,,,,,,,,No,,,
486,,,,,,,,No,,,
487,,,,,,,,No,,,
488,,,,,,,,No,,,
489,,,,,,,,No,,,
490,,,,,,,,No,,,
491,,,,,,,,No,,,
492,,,,,,,,No,,,
493,,,,,,,,No,,,
494,,,,,,,,No,,,
495,,,,,,,,No,,,
496,,,,,,,,No,,,
497,,,,,,,,No,,,
498,,,,,,,,No,,,
499,,,,,,,,No,,,
500,,,,,,,,No,,,
